track_id,track_name,artist_names,track_type,track_uri,track_href,spotify_url,duration_ms,popularity,explicit,track_number,played_at,features_found,match_source,id,href,isrc,acousticness,danceability,energy,instrumentalness,key,liveness,loudness,mode,speechiness,tempo,valence
2I9foKseoFQh07p6sD2voE,Many Men (Wish Death),50 Cent,track,spotify:track:2I9foKseoFQh07p6sD2voE,https://api.spotify.com/v1/tracks/2I9foKseoFQh07p6sD2voE,https://open.spotify.com/track/2I9foKseoFQh07p6sD2voE,256226,,True,4,2026-03-16T14:57:56.823Z,0,,,,,,,,,,,,,,,
2I9foKseoFQh07p6sD2voE,Many Men (Wish Death),50 Cent,track,spotify:track:2I9foKseoFQh07p6sD2voE,https://api.spotify.com/v1/tracks/2I9foKseoFQh07p6sD2voE,https://open.spotify.com/track/2I9foKseoFQh07p6sD2voE,256226,,True,4,2026-03-16T14:54:16.485Z,0,,,,,,,,,,,,,,,
2I9foKseoFQh07p6sD2voE,Many Men (Wish Death),50 Cent,track,spotify:track:2I9foKseoFQh07p6sD2voE,https://api.spotify.com/v1/tracks/2I9foKseoFQh07p6sD2voE,https://open.spotify.com/track/2I9foKseoFQh07p6sD2voE,256226,,True,4,2026-03-16T14:45:07.009Z,0,,,,,,,,,,,,,,,
2I9foKseoFQh07p6sD2voE,Many Men (Wish Death),50 Cent,track,spotify:track:2I9foKseoFQh07p6sD2voE,https://api.spotify.com/v1/tracks/2I9foKseoFQh07p6sD2voE,https://open.spotify.com/track/2I9foKseoFQh07p6sD2voE,256226,,True,4,2026-03-16T14:39:21.093Z,0,,,,,,,,,,,,,,,
4mY6K0hRQlpOs3hyTNOcKe,THICKRICK,Dominic Fike,track,spotify:track:4mY6K0hRQlpOs3hyTNOcKe,https://api.spotify.com/v1/tracks/4mY6K0hRQlpOs3hyTNOcKe,https://open.spotify.com/track/4mY6K0hRQlpOs3hyTNOcKe,164282,,False,4,2026-03-16T13:48:26.465Z,1,spotify_id,8751fdee-5898-4e4d-a594-dca4eaf1a3ea,https://open.spotify.com/track/4mY6K0hRQlpOs3hyTNOcKe,USQX92401824,0.642,0.731,0.33,3.49e-05,0.0,0.082,-10.925,1.0,0.0594,81.519,0.704
4mY6K0hRQlpOs3hyTNOcKe,THICKRICK,Dominic Fike,track,spotify:track:4mY6K0hRQlpOs3hyTNOcKe,https://api.spotify.com/v1/tracks/4mY6K0hRQlpOs3hyTNOcKe,https://open.spotify.com/track/4mY6K0hRQlpOs3hyTNOcKe,164282,,False,4,2026-03-13T16:58:42.484Z,1,spotify_id,8751fdee-5898-4e4d-a594-dca4eaf1a3ea,https://open.spotify.com/track/4mY6K0hRQlpOs3hyTNOcKe,USQX92401824,0.642,0.731,0.33,3.49e-05,0.0,0.082,-10.925,1.0,0.0594,81.519,0.704
09xpQPfKWdio1wx6v17dGa,SAFARI,"Tyler, The Creator",track,spotify:track:09xpQPfKWdio1wx6v17dGa,https://api.spotify.com/v1/tracks/09xpQPfKWdio1wx6v17dGa,https://open.spotify.com/track/09xpQPfKWdio1wx6v17dGa,177742,,True,16,2026-03-12T23:33:44.826Z,1,spotify_id,1ecc3bd8-1609-4bf3-9762-3181eac6a796,https://open.spotify.com/track/09xpQPfKWdio1wx6v17dGa,USQX92102409,0.0618,0.471,0.71,1.7e-06,1.0,0.338,-6.462,0.0,0.213,80.453,0.599
2aPTvyE09vUCRwVvj0I8WK,Sundress,A$AP Rocky,track,spotify:track:2aPTvyE09vUCRwVvj0I8WK,https://api.spotify.com/v1/tracks/2aPTvyE09vUCRwVvj0I8WK,https://open.spotify.com/track/2aPTvyE09vUCRwVvj0I8WK,158205,,True,1,2026-03-12T23:29:23.692Z,1,spotify_id,d22e9d42-c65c-4b10-b37b-e7482a7a3455,https://open.spotify.com/track/2aPTvyE09vUCRwVvj0I8WK,USRC11803252,0.181,0.721,0.707,3.68e-06,6.0,0.143,-6.364,1.0,0.0595,125.005,0.743
6nXiaXqSZAJuOG6q66mZV1,Lil Baby Crush,Jordan Ward,track,spotify:track:6nXiaXqSZAJuOG6q66mZV1,https://api.spotify.com/v1/tracks/6nXiaXqSZAJuOG6q66mZV1,https://open.spotify.com/track/6nXiaXqSZAJuOG6q66mZV1,141520,,True,1,2026-03-12T23:25:27.314Z,1,spotify_id,8e4b34ab-9fd5-40a2-b700-6496ebb72637,https://open.spotify.com/track/6nXiaXqSZAJuOG6q66mZV1,USUM72114936,0.566,0.858,0.435,0.0893,6.0,0.106,-9.611,0.0,0.116,136.891,0.824
0SA0mMXWh23raZ6xzOCU2V,She,"Tyler, The Creator, Frank Ocean",track,spotify:track:0SA0mMXWh23raZ6xzOCU2V,https://api.spotify.com/v1/tracks/0SA0mMXWh23raZ6xzOCU2V,https://open.spotify.com/track/0SA0mMXWh23raZ6xzOCU2V,253386,,True,4,2026-03-12T23:20:18.414Z,0,,,,,,,,,,,,,,,
5fX8WljoAFrmFrFqahjz4Y,Dancing In The Courthouse,Dominic Fike,track,spotify:track:5fX8WljoAFrmFrFqahjz4Y,https://api.spotify.com/v1/tracks/5fX8WljoAFrmFrFqahjz4Y,https://open.spotify.com/track/5fX8WljoAFrmFrFqahjz4Y,157563,,False,6,2026-03-12T23:15:09.735Z,1,spotify_id,163833f0-5f47-4eff-b321-748c23f70888,https://open.spotify.com/track/5fX8WljoAFrmFrFqahjz4Y,USQX92301814,0.0879,0.571,0.758,0.0,2.0,0.326,-4.518,1.0,0.065,76.503,0.723
0SA0mMXWh23raZ6xzOCU2V,She,"Tyler, The Creator, Frank Ocean",track,spotify:track:0SA0mMXWh23raZ6xzOCU2V,https://api.spotify.com/v1/tracks/0SA0mMXWh23raZ6xzOCU2V,https://open.spotify.com/track/0SA0mMXWh23raZ6xzOCU2V,253386,,True,4,2026-03-12T23:12:31.435Z,0,,,,,,,,,,,,,,,
0SA0mMXWh23raZ6xzOCU2V,She,"Tyler, The Creator, Frank Ocean",track,spotify:track:0SA0mMXWh23raZ6xzOCU2V,https://api.spotify.com/v1/tracks/0SA0mMXWh23raZ6xzOCU2V,https://open.spotify.com/track/0SA0mMXWh23raZ6xzOCU2V,253386,,True,4,2026-03-12T23:11:46.199Z,0,,,,,,,,,,,,,,,
29iva9idM6rFCPUlu7Rhxl,YUKON,Justin Bieber,track,spotify:track:29iva9idM6rFCPUlu7Rhxl,https://api.spotify.com/v1/tracks/29iva9idM6rFCPUlu7Rhxl,https://open.spotify.com/track/29iva9idM6rFCPUlu7Rhxl,163866,,False,3,2026-03-12T21:09:07.386Z,1,spotify_id,db5da205-56a5-4292-9c70-a89452100408,https://open.spotify.com/track/29iva9idM6rFCPUlu7Rhxl,USUG12506174,0.802,0.446,0.301,0.000164,7.0,0.105,-12.748,0.0,0.218,80.572,0.589
0cJTBlSiodwtdA5vdIbHhB,Pretend Lovers,Montell Fish,track,spotify:track:0cJTBlSiodwtdA5vdIbHhB,https://api.spotify.com/v1/tracks/0cJTBlSiodwtdA5vdIbHhB,https://open.spotify.com/track/0cJTBlSiodwtdA5vdIbHhB,193671,,False,4,2026-03-12T21:06:21.141Z,1,spotify_id,fd894e20-6de1-4d1c-b8ce-174fdac5761e,https://open.spotify.com/track/0cJTBlSiodwtdA5vdIbHhB,QZVBE2200012,0.925,0.647,0.387,0.0288,8.0,0.104,-7.173,1.0,0.25,120.039,0.397
3qI94hINNNeb4S7xQi18lS,Blame It on the Boogie,The Jacksons,track,spotify:track:3qI94hINNNeb4S7xQi18lS,https://api.spotify.com/v1/tracks/3qI94hINNNeb4S7xQi18lS,https://open.spotify.com/track/3qI94hINNNeb4S7xQi18lS,215319,,False,1,2026-03-12T20:12:35.320Z,1,spotify_id,b4a17052-dfee-4152-83b3-997b32afee02,https://open.spotify.com/track/3qI94hINNNeb4S7xQi18lS,USSM17801024,0.0765,0.774,0.641,0.0,1.0,0.0867,-10.193,1.0,0.0799,113.256,0.875
3lFVdFLQeBXLxqKxqwqIfS,Darlin',Jean Dawson,track,spotify:track:3lFVdFLQeBXLxqKxqwqIfS,https://api.spotify.com/v1/tracks/3lFVdFLQeBXLxqKxqwqIfS,https://open.spotify.com/track/3lFVdFLQeBXLxqKxqwqIfS,208626,,False,1,2026-03-12T17:04:03.557Z,1,spotify_id,e766c361-b5fb-4386-9d6e-7d4b335b57de,https://open.spotify.com/track/3lFVdFLQeBXLxqKxqwqIfS,QZ9H32400056,0.435,0.578,0.341,0.0403,10.0,0.14,-8.018,1.0,0.0312,145.906,0.321
1ymikhI2taCMNkmn9GO9CZ,a rose blooms in chaos,Davishmar,track,spotify:track:1ymikhI2taCMNkmn9GO9CZ,https://api.spotify.com/v1/tracks/1ymikhI2taCMNkmn9GO9CZ,https://open.spotify.com/track/1ymikhI2taCMNkmn9GO9CZ,116831,,False,1,2026-03-12T17:00:34.331Z,1,spotify_id,6e670e61-b6db-4e80-95bd-aafefb3908a8,https://open.spotify.com/track/1ymikhI2taCMNkmn9GO9CZ,DEUD42432360,0.901,0.417,0.443,0.0507,6.0,0.154,-10.882,1.0,0.0574,73.088,0.704
3uyODN4WPyhs8TJRuMfhwF,In The Morning (feat. Thundercat & Syd),"Mac Miller, Syd, Thundercat",track,spotify:track:3uyODN4WPyhs8TJRuMfhwF,https://api.spotify.com/v1/tracks/3uyODN4WPyhs8TJRuMfhwF,https://open.spotify.com/track/3uyODN4WPyhs8TJRuMfhwF,265066,,True,14,2026-03-12T16:58:37.310Z,0,,,,,,,,,,,,,,,
7Ks4VCY1wFebnOdJrM13t6,Wesley's Theory,"Kendrick Lamar, George Clinton, Thundercat",track,spotify:track:7Ks4VCY1wFebnOdJrM13t6,https://api.spotify.com/v1/tracks/7Ks4VCY1wFebnOdJrM13t6,https://open.spotify.com/track/7Ks4VCY1wFebnOdJrM13t6,287360,,True,1,2026-03-12T16:54:11.078Z,1,spotify_id,3e07c9bc-4bbd-49a6-926f-5446b6c73fba,https://open.spotify.com/track/7Ks4VCY1wFebnOdJrM13t6,USUM71502491,0.359,0.509,0.787,2.76e-05,7.0,0.26,-6.754,1.0,0.265,114.449,0.507
4b82tXj35SycILuILcgBQ6,Hoe Cakes,MF DOOM,track,spotify:track:4b82tXj35SycILuILcgBQ6,https://api.spotify.com/v1/tracks/4b82tXj35SycILuILcgBQ6,https://open.spotify.com/track/4b82tXj35SycILuILcgBQ6,234146,,True,2,2026-03-12T16:49:52.627Z,1,spotify_id,01dbece7-a3ae-4a52-a094-92ce06fb6395,https://open.spotify.com/track/4b82tXj35SycILuILcgBQ6,USBWK0700038,0.0987,0.511,0.613,0.0,1.0,0.144,-6.371,1.0,0.321,92.184,0.95
5oHefuJW6udg0pphl5KXwN,Poo-Putt Platter,MF DOOM,track,spotify:track:5oHefuJW6udg0pphl5KXwN,https://api.spotify.com/v1/tracks/5oHefuJW6udg0pphl5KXwN,https://open.spotify.com/track/5oHefuJW6udg0pphl5KXwN,73613,,True,6,2026-03-12T16:45:28.231Z,1,spotify_id,f2c748e1-06b4-41b0-9427-eef75cc636e5,https://open.spotify.com/track/5oHefuJW6udg0pphl5KXwN,USBWK0700042,0.688,0.541,0.94,0.00214,8.0,0.367,-6.887,0.0,0.487,159.803,0.755
24VNenhLzKDWDlQ5Qaznav,Dreamin,ZAYN,track,spotify:track:24VNenhLzKDWDlQ5Qaznav,https://api.spotify.com/v1/tracks/24VNenhLzKDWDlQ5Qaznav,https://open.spotify.com/track/24VNenhLzKDWDlQ5Qaznav,212213,,False,1,2026-03-12T16:44:14.680Z,1,spotify_id,ffe8bbc7-56c7-443e-ac1e-56e345dae3ef,https://open.spotify.com/track/24VNenhLzKDWDlQ5Qaznav,USUG12401414,0.43,0.461,0.473,0.0,4.0,0.363,-6.731,1.0,0.0504,176.05,0.423
6FcDxtnGfsYHOcGkXN2OIG,Add Up My Love,Clairo,track,spotify:track:6FcDxtnGfsYHOcGkXN2OIG,https://api.spotify.com/v1/tracks/6FcDxtnGfsYHOcGkXN2OIG,https://open.spotify.com/track/6FcDxtnGfsYHOcGkXN2OIG,205263,,False,8,2026-03-12T16:40:40.867Z,1,spotify_id,fa250586-51c1-4fe6-94a5-e52a9b015fc9,https://open.spotify.com/track/6FcDxtnGfsYHOcGkXN2OIG,USA2P2416230,0.17,0.715,0.621,0.0011,8.0,0.111,-6.761,1.0,0.027,104.964,0.769
2pNYM3OcS7WdCW13TuhMeK,Yoshinoya,Childish Gambino,track,spotify:track:2pNYM3OcS7WdCW13TuhMeK,https://api.spotify.com/v1/tracks/2pNYM3OcS7WdCW13TuhMeK,https://open.spotify.com/track/2pNYM3OcS7WdCW13TuhMeK,202409,,True,9,2026-03-12T16:37:14.926Z,1,spotify_id,9f75729a-4b09-46f5-97a6-bce4c7b618ab,https://open.spotify.com/track/2pNYM3OcS7WdCW13TuhMeK,USRC12402300,0.0682,0.415,0.839,0.0,10.0,0.428,-9.862,0.0,0.537,163.915,0.614
0yxOhm9EgkEDjAbXLyoObO,RUFF RIDE,"Samant, Lou Val",track,spotify:track:0yxOhm9EgkEDjAbXLyoObO,https://api.spotify.com/v1/tracks/0yxOhm9EgkEDjAbXLyoObO,https://open.spotify.com/track/0yxOhm9EgkEDjAbXLyoObO,156839,,False,1,2026-03-12T16:33:52.074Z,1,spotify_id,b1832de1-96ef-4c96-9c00-3ce3f45b9954,https://open.spotify.com/track/0yxOhm9EgkEDjAbXLyoObO,DGA0R2483050,0.725,0.695,0.511,0.000881,5.0,0.119,-6.789,0.0,0.0859,80.868,0.488
1sDW4P9FwNREiBNtEduDDQ,Winterfalls,Terrell Morris,track,spotify:track:1sDW4P9FwNREiBNtEduDDQ,https://api.spotify.com/v1/tracks/1sDW4P9FwNREiBNtEduDDQ,https://open.spotify.com/track/1sDW4P9FwNREiBNtEduDDQ,171365,,True,1,2026-03-12T16:31:13.491Z,1,spotify_id,7fb34496-ec35-4161-85c8-b5636cbdc747,https://open.spotify.com/track/1sDW4P9FwNREiBNtEduDDQ,USLD91728774,0.848,0.49,0.478,1.27e-05,8.0,0.358,-10.029,0.0,0.696,84.882,0.406
7tzgX2LHRfWmRlsbSN4pQR,Royale With Cheese,"John Travolta, Samuel L. Jackson",track,spotify:track:7tzgX2LHRfWmRlsbSN4pQR,https://api.spotify.com/v1/tracks/7tzgX2LHRfWmRlsbSN4pQR,https://open.spotify.com/track/7tzgX2LHRfWmRlsbSN4pQR,103466,,True,3,2026-03-12T16:28:21.167Z,1,spotify_id,e651e6e7-68d5-4b4c-ba33-ae98f568abf4,https://open.spotify.com/track/7tzgX2LHRfWmRlsbSN4pQR,USMC19443544,0.728,0.565,0.737,0.0,10.0,0.48,-17.0,0.0,0.497,104.926,0.223
4JfpJrrGNXRj2yXm1fYV23,Lithonia,Childish Gambino,track,spotify:track:4JfpJrrGNXRj2yXm1fYV23,https://api.spotify.com/v1/tracks/4JfpJrrGNXRj2yXm1fYV23,https://open.spotify.com/track/4JfpJrrGNXRj2yXm1fYV23,179320,,True,1,2026-03-12T16:26:37.311Z,1,spotify_id,c893c796-0ef5-426a-b95c-077406e01ca4,https://open.spotify.com/track/4JfpJrrGNXRj2yXm1fYV23,USRC12402124,0.0948,0.415,0.383,0.0,1.0,0.118,-7.629,1.0,0.0287,140.102,0.172
1xKGnsdKOh8jx8pzSZAgXE,5 Dollar Pony Rides,Mac Miller,track,spotify:track:1xKGnsdKOh8jx8pzSZAgXE,https://api.spotify.com/v1/tracks/1xKGnsdKOh8jx8pzSZAgXE,https://open.spotify.com/track/1xKGnsdKOh8jx8pzSZAgXE,222119,,False,4,2026-03-12T16:23:36.798Z,1,spotify_id,6dd04d5c-643b-4a8e-b07b-caf922c2c279,https://open.spotify.com/track/1xKGnsdKOh8jx8pzSZAgXE,USWB12307109,0.259,0.741,0.83,0.00748,11.0,0.116,-5.916,0.0,0.0853,95.518,0.301
5hVghJ4KaYES3BFUATCYn0,EARFQUAKE,"Tyler, The Creator",track,spotify:track:5hVghJ4KaYES3BFUATCYn0,https://api.spotify.com/v1/tracks/5hVghJ4KaYES3BFUATCYn0,https://open.spotify.com/track/5hVghJ4KaYES3BFUATCYn0,190072,,True,2,2026-03-12T16:19:54.456Z,1,spotify_id,7f477ef6-7c22-4ddc-b5e4-9bd2d9834ab5,https://open.spotify.com/track/5hVghJ4KaYES3BFUATCYn0,USQX91901111,0.23,0.554,0.498,5.98e-06,9.0,0.795,-8.866,1.0,0.0685,79.635,0.413
7zTTDkkLkJ2iHAqq1daDCr,OUTTA MY MIND,Monsune,track,spotify:track:7zTTDkkLkJ2iHAqq1daDCr,https://api.spotify.com/v1/tracks/7zTTDkkLkJ2iHAqq1daDCr,https://open.spotify.com/track/7zTTDkkLkJ2iHAqq1daDCr,226005,,False,1,2026-03-12T16:16:43.460Z,1,spotify_id,f0075ee0-2e54-48f1-9085-d28ab12271d6,https://open.spotify.com/track/7zTTDkkLkJ2iHAqq1daDCr,QM24S1923795,0.066,0.689,0.463,0.000152,2.0,0.145,-8.121,0.0,0.0365,86.998,0.864
5uRTAG2Fs6rQt41HwaIx53,Dadvocate,Childish Gambino,track,spotify:track:5uRTAG2Fs6rQt41HwaIx53,https://api.spotify.com/v1/tracks/5uRTAG2Fs6rQt41HwaIx53,https://open.spotify.com/track/5uRTAG2Fs6rQt41HwaIx53,160988,,False,15,2026-03-12T16:12:56.608Z,1,spotify_id,50138d88-8011-4314-a36b-48e25d13cee4,https://open.spotify.com/track/5uRTAG2Fs6rQt41HwaIx53,USRC12402305,0.107,0.836,0.553,9.22e-06,0.0,0.105,-10.71,1.0,0.0383,85.01,0.833
7BPadP3q9qwMkho3IMPU99,BURN,"¥$, Kanye West, Ty Dolla $ign",track,spotify:track:7BPadP3q9qwMkho3IMPU99,https://api.spotify.com/v1/tracks/7BPadP3q9qwMkho3IMPU99,https://open.spotify.com/track/7BPadP3q9qwMkho3IMPU99,111477,,True,9,2026-03-12T16:10:14.754Z,1,spotify_id,e697d6cd-a5d3-42f5-bc91-50010dca2cf3,https://open.spotify.com/track/7BPadP3q9qwMkho3IMPU99,QZ7XS2400009,0.0166,0.602,0.877,6.51e-06,4.0,0.858,-6.27,0.0,0.385,105.002,0.724
0NjW4SKY3gbfl2orl1p8hr,IFHY (feat. Pharrell),"Tyler, The Creator, Pharrell Williams",track,spotify:track:0NjW4SKY3gbfl2orl1p8hr,https://api.spotify.com/v1/tracks/0NjW4SKY3gbfl2orl1p8hr,https://open.spotify.com/track/0NjW4SKY3gbfl2orl1p8hr,319279,,True,11,2026-03-12T16:08:22.980Z,1,spotify_id,97ab12b9-af05-41d9-b2e5-c080371191d0,https://open.spotify.com/track/0NjW4SKY3gbfl2orl1p8hr,USQX91300228,0.197,0.358,0.715,0.0,7.0,0.581,-6.181,1.0,0.331,85.478,0.275
6c7l5gpEyCNGr86jsWneGy,Awkward,"Tyler, The Creator",track,spotify:track:6c7l5gpEyCNGr86jsWneGy,https://api.spotify.com/v1/tracks/6c7l5gpEyCNGr86jsWneGy,https://open.spotify.com/track/6c7l5gpEyCNGr86jsWneGy,227473,,True,4,2026-03-12T16:03:03.369Z,1,spotify_id,cd212990-b509-4972-8708-2bc1bd147ca2,https://open.spotify.com/track/6c7l5gpEyCNGr86jsWneGy,USQX91300222,0.225,0.472,0.777,0.0283,8.0,0.195,-8.666,1.0,0.294,153.78,0.673
3SAga35lAPYdjj3qyfEsCF,Feel It (From “Invincible”),d4vd,track,spotify:track:3SAga35lAPYdjj3qyfEsCF,https://api.spotify.com/v1/tracks/3SAga35lAPYdjj3qyfEsCF,https://open.spotify.com/track/3SAga35lAPYdjj3qyfEsCF,157974,,False,1,2026-03-12T15:59:14.418Z,1,spotify_id,ab34d1e8-7c6a-43b3-8ae6-25f3b49635e6,https://open.spotify.com/track/3SAga35lAPYdjj3qyfEsCF,USUM72401132,0.0288,0.565,0.593,0.0,8.0,0.215,-5.864,1.0,0.0883,120.509,0.429
0EWG5cpMUT0Jp0Pye9S0Ne,24 (Turn It Up) (+6),"ANOTR, Kurtis Wells",track,spotify:track:0EWG5cpMUT0Jp0Pye9S0Ne,https://api.spotify.com/v1/tracks/0EWG5cpMUT0Jp0Pye9S0Ne,https://open.spotify.com/track/0EWG5cpMUT0Jp0Pye9S0Ne,180000,,False,1,2026-03-12T15:56:35.688Z,1,spotify_id,441ddea4-3b91-4613-8bc7-5cbe9a89c8e1,https://open.spotify.com/track/0EWG5cpMUT0Jp0Pye9S0Ne,USA2P2463486,0.286,0.762,0.789,0.689,1.0,0.418,-6.261,0.0,0.0288,128.004,0.78
57ENogEkvFsU7Wmt3lvQMG,Two Six,J. Cole,track,spotify:track:57ENogEkvFsU7Wmt3lvQMG,https://api.spotify.com/v1/tracks/57ENogEkvFsU7Wmt3lvQMG,https://open.spotify.com/track/57ENogEkvFsU7Wmt3lvQMG,196080,,True,2,2026-03-12T15:24:49.656Z,1,spotify_id,cc3dcb9a-a2ea-4572-9eaa-f42c65af51d3,https://open.spotify.com/track/57ENogEkvFsU7Wmt3lvQMG,USUG12600536,0.0949,0.79,0.625,0.0,11.0,0.19,-6.319,0.0,0.206,81.975,0.436
3SH1vOTwgg5Ma1NhHaXvrA,Echo,The Marías,track,spotify:track:3SH1vOTwgg5Ma1NhHaXvrA,https://api.spotify.com/v1/tracks/3SH1vOTwgg5Ma1NhHaXvrA,https://open.spotify.com/track/3SH1vOTwgg5Ma1NhHaXvrA,209426,,False,3,2026-03-12T15:21:12.433Z,1,spotify_id,0e410067-fc4f-4680-9439-dc32f51c1012,https://open.spotify.com/track/3SH1vOTwgg5Ma1NhHaXvrA,USAT22400840,0.53,0.747,0.453,0.000786,2.0,0.105,-6.884,0.0,0.0413,81.012,0.765
29iva9idM6rFCPUlu7Rhxl,YUKON,Justin Bieber,track,spotify:track:29iva9idM6rFCPUlu7Rhxl,https://api.spotify.com/v1/tracks/29iva9idM6rFCPUlu7Rhxl,https://open.spotify.com/track/29iva9idM6rFCPUlu7Rhxl,163866,,False,3,2026-03-12T15:13:51.132Z,1,spotify_id,db5da205-56a5-4292-9c70-a89452100408,https://open.spotify.com/track/29iva9idM6rFCPUlu7Rhxl,USUG12506174,0.802,0.446,0.301,0.000164,7.0,0.105,-12.748,0.0,0.218,80.572,0.589
4AZk9awBXJRVaLS7gOsaMO,Talk Down,Dijon,track,spotify:track:4AZk9awBXJRVaLS7gOsaMO,https://api.spotify.com/v1/tracks/4AZk9awBXJRVaLS7gOsaMO,https://open.spotify.com/track/4AZk9awBXJRVaLS7gOsaMO,151565,,False,9,2026-03-12T15:10:58.866Z,1,spotify_id,dc1cd2a4-a1c6-4e44-b66b-226cc3002033,https://open.spotify.com/track/4AZk9awBXJRVaLS7gOsaMO,USWB12104065,0.182,0.752,0.823,0.0,1.0,0.213,-6.267,1.0,0.139,112.888,0.709
3IJCSQoLF4YzPAKaxq2JLb,Yoga,"Janelle Monáe, Jidenna",track,spotify:track:3IJCSQoLF4YzPAKaxq2JLb,https://api.spotify.com/v1/tracks/3IJCSQoLF4YzPAKaxq2JLb,https://open.spotify.com/track/3IJCSQoLF4YzPAKaxq2JLb,215532,,False,1,2026-03-12T15:07:32.944Z,1,spotify_id,0ffb2683-3877-4e59-80da-f8d23e9ee32a,https://open.spotify.com/track/3IJCSQoLF4YzPAKaxq2JLb,USSM11501402,0.0159,0.74,0.546,8.41e-05,7.0,0.209,-5.674,0.0,0.0498,130.028,0.375
5J75NvHDMTbJtLqym6CXuI,Do 2 Me (feat. Anderson .Paak & SiR),"KAYTRANADA, Anderson .Paak, SiR",track,spotify:track:5J75NvHDMTbJtLqym6CXuI,https://api.spotify.com/v1/tracks/5J75NvHDMTbJtLqym6CXuI,https://open.spotify.com/track/5J75NvHDMTbJtLqym6CXuI,230823,,True,15,2026-03-11T23:21:46.295Z,1,spotify_id,bc4fc386-0e9b-4847-a2e9-c8efa1754c17,https://open.spotify.com/track/5J75NvHDMTbJtLqym6CXuI,USRC12401449,0.0895,0.487,0.786,0.0,11.0,0.363,-6.944,0.0,0.228,104.076,0.53
1e46ZC7vtQcyGEOFbyv1df,Patagonia,Patawawa,track,spotify:track:1e46ZC7vtQcyGEOFbyv1df,https://api.spotify.com/v1/tracks/1e46ZC7vtQcyGEOFbyv1df,https://open.spotify.com/track/1e46ZC7vtQcyGEOFbyv1df,205210,,False,1,2026-03-11T00:22:03.770Z,0,,,,,,,,,,,,,,,
10wbN21d8FXT0cFIaCw1yV,Enchanté,Tim Atlas,track,spotify:track:10wbN21d8FXT0cFIaCw1yV,https://api.spotify.com/v1/tracks/10wbN21d8FXT0cFIaCw1yV,https://open.spotify.com/track/10wbN21d8FXT0cFIaCw1yV,162600,,False,1,2026-03-10T14:45:49.873Z,1,spotify_id,7ddb1d66-1e02-40a8-b372-b3ada94f84b3,https://open.spotify.com/track/10wbN21d8FXT0cFIaCw1yV,CAN112401087,0.115,0.882,0.465,0.111,4.0,0.082,-7.674,0.0,0.0739,109.988,0.683
2LSmH4vxyRhkJ2pPqcmkXw,NOBLE,F3miii,track,spotify:track:2LSmH4vxyRhkJ2pPqcmkXw,https://api.spotify.com/v1/tracks/2LSmH4vxyRhkJ2pPqcmkXw,https://open.spotify.com/track/2LSmH4vxyRhkJ2pPqcmkXw,185806,,False,1,2026-03-10T14:43:07.281Z,0,,,,,,,,,,,,,,,
1h3ODYcDJly0H53W2Ai42Q,Electric U,Kid Bloom,track,spotify:track:1h3ODYcDJly0H53W2Ai42Q,https://api.spotify.com/v1/tracks/1h3ODYcDJly0H53W2Ai42Q,https://open.spotify.com/track/1h3ODYcDJly0H53W2Ai42Q,171696,,False,1,2026-03-10T14:39:59.109Z,1,spotify_id,3dba9511-d346-4ea5-9a0c-28638259f650,https://open.spotify.com/track/1h3ODYcDJly0H53W2Ai42Q,QM2PV1607689,0.378,0.935,0.259,0.000463,1.0,0.0611,-11.088,0.0,0.0517,112.019,0.931
76jsGLoaUN5kgYglcACpvC,Geezer,"Kevin Abstract, Dominic Fike, Geezer",track,spotify:track:76jsGLoaUN5kgYglcACpvC,https://api.spotify.com/v1/tracks/76jsGLoaUN5kgYglcACpvC,https://open.spotify.com/track/76jsGLoaUN5kgYglcACpvC,169776,,True,10,2026-03-10T14:37:05.136Z,0,,,,,,,,,,,,,,,
6tZ3b7ik1QDXFAZlXib0YZ,Kevin’s Heart,J. Cole,track,spotify:track:6tZ3b7ik1QDXFAZlXib0YZ,https://api.spotify.com/v1/tracks/6tZ3b7ik1QDXFAZlXib0YZ,https://open.spotify.com/track/6tZ3b7ik1QDXFAZlXib0YZ,200309,,True,7,2026-03-10T14:34:14.767Z,1,spotify_id,ef4b8e7f-5e08-403e-b183-39894f3f0114,https://open.spotify.com/track/6tZ3b7ik1QDXFAZlXib0YZ,QMJMT1801601,0.482,0.829,0.527,0.0,6.0,0.631,-6.644,0.0,0.367,116.079,0.475
